﻿--
-- Script was generated by Devart dbForge Studio for MySQL, Version 8.0.40.0
-- Product home page: http://www.devart.com/dbforge/mysql/studio
-- Script date 02/06/2021 14:12:36
-- Server version: 5.5.5-10.1.40-MariaDB
-- Client version: 4.1
--

-- 
-- Disable foreign keys
-- 
/*!40014 SET @OLD_FOREIGN_KEY_CHECKS=@@FOREIGN_KEY_CHECKS, FOREIGN_KEY_CHECKS=0 */;

-- 
-- Set SQL mode
-- 
/*!40101 SET @OLD_SQL_MODE=@@SQL_MODE, SQL_MODE='NO_AUTO_VALUE_ON_ZERO' */;

-- 
-- Set character set the client will use to send SQL statements to the server
--
SET NAMES 'utf8';

--
-- Set default database
--
USE lacoparevision;

--
-- Drop table `arbitran`
--
DROP TABLE IF EXISTS arbitran;

--
-- Drop table `arbitros`
--
DROP TABLE IF EXISTS arbitros;

--
-- Drop table `juegan`
--
DROP TABLE IF EXISTS juegan;

--
-- Drop table `partidos`
--
DROP TABLE IF EXISTS partidos;

--
-- Drop table `torneos`
--
DROP TABLE IF EXISTS torneos;

--
-- Drop table `nacionalidad`
--
DROP TABLE IF EXISTS nacionalidad;

--
-- Drop table `utilizan`
--
DROP TABLE IF EXISTS utilizan;

--
-- Drop table `jugadores`
--
DROP TABLE IF EXISTS jugadores;

--
-- Drop table `personajes`
--
DROP TABLE IF EXISTS personajes;

--
-- Drop table `equipos`
--
DROP TABLE IF EXISTS equipos;

--
-- Set default database
--
USE lacoparevision;

--
-- Create table `equipos`
--
CREATE TABLE equipos (
  codigo int(11) NOT NULL AUTO_INCREMENT,
  nombre varchar(30) DEFAULT NULL,
  localización varchar(30) DEFAULT NULL,
  nom_director varchar(30) DEFAULT NULL,
  ape1 varchar(30) DEFAULT NULL,
  ape2 varchar(30) DEFAULT NULL,
  PRIMARY KEY (codigo)
)
ENGINE = INNODB,
AUTO_INCREMENT = 9477034,
AVG_ROW_LENGTH = 819,
CHARACTER SET latin1,
COLLATE latin1_swedish_ci;

--
-- Create table `personajes`
--
CREATE TABLE personajes (
  nombre varchar(30) NOT NULL,
  rol_principal varchar(30) DEFAULT NULL,
  stats_base int(5) DEFAULT NULL,
  escalados int(3) DEFAULT NULL,
  PRIMARY KEY (nombre)
)
ENGINE = INNODB,
AVG_ROW_LENGTH = 819,
CHARACTER SET latin1,
COLLATE latin1_swedish_ci;

--
-- Create table `jugadores`
--
CREATE TABLE jugadores (
  codigo int(11) NOT NULL AUTO_INCREMENT,
  cod_jugador int(3) DEFAULT NULL,
  cod_equipo int(11) DEFAULT NULL,
  rol varchar(30) DEFAULT NULL,
  nombre varchar(30) DEFAULT NULL,
  nombre_personaje varchar(30) DEFAULT NULL,
  PRIMARY KEY (codigo)
)
ENGINE = INNODB,
AUTO_INCREMENT = 9053980,
AVG_ROW_LENGTH = 780,
CHARACTER SET latin1,
COLLATE latin1_swedish_ci;

--
-- Create index `uk_id_jugadores` on table `jugadores`
--
ALTER TABLE jugadores
ADD UNIQUE INDEX uk_id_jugadores (cod_jugador, cod_equipo);

--
-- Create foreign key
--
ALTER TABLE jugadores
ADD CONSTRAINT fk_jugadores_equipos FOREIGN KEY (cod_equipo)
REFERENCES equipos (codigo);

--
-- Create foreign key
--
ALTER TABLE jugadores
ADD CONSTRAINT fk_jugadores_personajes FOREIGN KEY (nombre_personaje)
REFERENCES personajes (nombre);

--
-- Create table `utilizan`
--
CREATE TABLE utilizan (
  codigo int(11) NOT NULL AUTO_INCREMENT,
  codj int(11) DEFAULT NULL,
  nombre varchar(30) DEFAULT NULL,
  PRIMARY KEY (codigo)
)
ENGINE = INNODB,
AUTO_INCREMENT = 9986361,
AVG_ROW_LENGTH = 819,
CHARACTER SET latin1,
COLLATE latin1_swedish_ci;

--
-- Create index `uk_id_utilizan` on table `utilizan`
--
ALTER TABLE utilizan
ADD UNIQUE INDEX uk_id_utilizan (codj, nombre);

--
-- Create foreign key
--
ALTER TABLE utilizan
ADD CONSTRAINT fk_utilizan_jugadores FOREIGN KEY (codj)
REFERENCES jugadores (codigo);

--
-- Create foreign key
--
ALTER TABLE utilizan
ADD CONSTRAINT fk_utilizan_personajes FOREIGN KEY (nombre)
REFERENCES personajes (nombre);

--
-- Create table `nacionalidad`
--
CREATE TABLE nacionalidad (
  codigo int(11) NOT NULL AUTO_INCREMENT,
  codj int(11) DEFAULT NULL,
  nacionalidad varchar(30) DEFAULT NULL,
  PRIMARY KEY (codigo)
)
ENGINE = INNODB,
AUTO_INCREMENT = 9181618,
AVG_ROW_LENGTH = 819,
CHARACTER SET latin1,
COLLATE latin1_swedish_ci;

--
-- Create index `uk_id_nacionalidad` on table `nacionalidad`
--
ALTER TABLE nacionalidad
ADD UNIQUE INDEX uk_id_nacionalidad (codj, nacionalidad);

--
-- Create foreign key
--
ALTER TABLE nacionalidad
ADD CONSTRAINT fk_nacionalidad_jugadores FOREIGN KEY (codj)
REFERENCES jugadores (codigo);

--
-- Create table `torneos`
--
CREATE TABLE torneos (
  cod_torneo int(11) NOT NULL,
  nombre varchar(30) DEFAULT NULL,
  formato varchar(7) DEFAULT NULL,
  PRIMARY KEY (cod_torneo)
)
ENGINE = INNODB,
AVG_ROW_LENGTH = 819,
CHARACTER SET latin1,
COLLATE latin1_swedish_ci;

--
-- Create table `partidos`
--
CREATE TABLE partidos (
  codigo int(11) NOT NULL AUTO_INCREMENT,
  fecha date DEFAULT NULL,
  lado varchar(10) DEFAULT NULL,
  resultado varchar(3) DEFAULT NULL,
  PRIMARY KEY (codigo)
)
ENGINE = INNODB,
AUTO_INCREMENT = 9582825,
AVG_ROW_LENGTH = 819,
CHARACTER SET latin1,
COLLATE latin1_swedish_ci;

--
-- Create table `juegan`
--
CREATE TABLE juegan (
  codigo int(11) NOT NULL AUTO_INCREMENT,
  cod_equipo int(11) DEFAULT NULL,
  cod_partido int(11) DEFAULT NULL,
  cod_torneo int(11) DEFAULT NULL,
  PRIMARY KEY (codigo)
)
ENGINE = INNODB,
AUTO_INCREMENT = 7679407,
AVG_ROW_LENGTH = 819,
CHARACTER SET latin1,
COLLATE latin1_swedish_ci;

--
-- Create index `uk_id_juegan` on table `juegan`
--
ALTER TABLE juegan
ADD UNIQUE INDEX uk_id_juegan (cod_partido, cod_equipo, cod_torneo);

--
-- Create foreign key
--
ALTER TABLE juegan
ADD CONSTRAINT fk_juegan_equipos FOREIGN KEY (cod_equipo)
REFERENCES equipos (codigo);

--
-- Create foreign key
--
ALTER TABLE juegan
ADD CONSTRAINT fk_juegan_partidos FOREIGN KEY (cod_partido)
REFERENCES partidos (codigo);

--
-- Create foreign key
--
ALTER TABLE juegan
ADD CONSTRAINT fk_juegan_torneos FOREIGN KEY (cod_torneo)
REFERENCES torneos (cod_torneo);

--
-- Create table `arbitros`
--
CREATE TABLE arbitros (
  dni varchar(9) NOT NULL,
  nombre varchar(30) DEFAULT NULL,
  fecha date DEFAULT NULL,
  PRIMARY KEY (dni)
)
ENGINE = INNODB,
AVG_ROW_LENGTH = 819,
CHARACTER SET latin1,
COLLATE latin1_swedish_ci;

--
-- Create table `arbitran`
--
CREATE TABLE arbitran (
  codigo int(11) NOT NULL AUTO_INCREMENT,
  cod_partido int(11) DEFAULT NULL,
  dni varchar(9) DEFAULT NULL,
  PRIMARY KEY (codigo)
)
ENGINE = INNODB,
AUTO_INCREMENT = 9757884,
AVG_ROW_LENGTH = 819,
CHARACTER SET latin1,
COLLATE latin1_swedish_ci;

--
-- Create index `uk_id_arbitran` on table `arbitran`
--
ALTER TABLE arbitran
ADD UNIQUE INDEX uk_id_arbitran (dni, cod_partido);

--
-- Create foreign key
--
ALTER TABLE arbitran
ADD CONSTRAINT fk_arbitran_arbitros FOREIGN KEY (dni)
REFERENCES arbitros (dni);

--
-- Create foreign key
--
ALTER TABLE arbitran
ADD CONSTRAINT fk_arbitran_partidos FOREIGN KEY (cod_partido)
REFERENCES partidos (codigo);

-- 
-- Dumping data for table equipos
--
INSERT INTO equipos VALUES
(82181, 'TSM', 'East Lothian', 'Amanda', 'Stoll', 'Anders'),
(82182, 'Team Liquid', 'Lincolnshire', 'Celia', 'Hanes', 'Petersen'),
(82183, 'Dignitas', 'Humberside', 'Rodolfo', 'Felder', 'Michael'),
(82184, 'EMonkeys', 'Cumbria', 'Marianela', 'Williamson', 'Arsenault'),
(1082182, 'FlyQuest', 'Fermanagh', 'Maudie', 'Alston', 'Whitney'),
(1082183, 'G2 Arctic', 'Nottinghamshire', 'Pattie', 'Dollar', 'Hogg'),
(1082184, 'Cream Real Betis', 'Huntingdonshire', 'Guilherme', 'Reiter', 'Goad'),
(2620334, '100 Thieves', 'Banffshire', 'Kailee', 'Parham', 'Bean'),
(2620335, 'Rogue', 'Gwynedd', 'Inocencio', 'Tubbs', 'Butcher'),
(3620335, 'BCN Squad', 'Aberdeenshire', 'Luther', 'Bolton', 'Amos'),
(4812006, 'Astralis', 'Selkirkshire', 'Custodia', 'Haas', 'Moffett'),
(5812006, 'Team Queso', 'Humberside', 'Roy', 'Cain', 'Charlton'),
(5812007, 'Counter Logic Gaming', 'Cumbria', 'Teresita', 'Lamm', 'Marcus'),
(6561560, 'Vodafone Giants', 'Kent', 'Manuel', 'Rosen', 'Abney'),
(6561561, 'Team Vitality', 'Dyfed', 'Eufemia', 'Waldron', 'Elias'),
(7561560, 'Misfits Gaming', 'Greater Manchester', 'Crisóstomo', 'Hamilton', 'Mendoza'),
(7561561, 'T1', 'Tyrone', 'Kimmy', 'Abbott', 'Chestnut'),
(8477035, 'Cloud9', 'Caithness', 'Conway', 'Villanueva', 'Dobbins'),
(8477036, 'Hanhwa Life', 'Armagh', 'Gabriela', 'Whitlock', 'Fischer'),
(9477033, 'Excel', 'Antrim', 'Elvis', 'Schmitt', 'Siler');

-- 
-- Dumping data for table personajes
--
INSERT INTO personajes VALUES
('Aphelios', 'Jungla', 70, 5),
('Caitlyn', 'Midlaner', 100, 8),
('Diana', 'Jungla', 12, 7),
('Gankplank', 'Jungla', 22, 3),
('Jarvan IV', 'Midlaner', 36, 7),
('Kai''sa', 'Soporte', 90, 3),
('Kassadin', 'Soporte', 85, 10),
('Lee Sin', 'Soporte', 38, 10),
('Leona', 'Midlaner', 8, 2),
('Nautilus', 'Midlaner', 74, 1),
('Nidalee', 'Soporte', 38, 6),
('Orianna', 'Jungla', 9, 6),
('Pyke', 'ADCarry', 100, 3),
('Renekton', 'ADCarry', 20, 9),
('Shen', 'Soporte', 47, 4),
('Sion', 'ADCarry', 35, 3),
('Taric', 'ADCarry', 49, 3),
('Thresh', 'Jungla', 7, 5),
('Twisted Fate', 'ADCarry', 84, 5),
('Zyra', 'Midlaner', 69, 2);

-- 
-- Dumping data for table jugadores
--
INSERT INTO jugadores VALUES
(180569, 144653009, 1082182, 'ADCarry', 'Zook2014', 'Zyra'),
(180570, 452217563, 2620334, 'Soporte', 'Crouch93', 'Nidalee'),
(180571, 2081728524, 4812006, 'ADCarry', 'Shaw2019', 'Orianna'),
(1180569, 666965930, 82183, 'ADCarry', 'Adelaida2', 'Lee Sin'),
(1180570, 1076566355, 82182, 'ADCarry', 'Denna1961', 'Nautilus'),
(1180571, 666965929, 3620335, 'Jungla', 'Ziegler1970', 'Thresh'),
(2621287, 144653010, 1082184, 'Midlaner', 'Lester2029', 'Aphelios'),
(3621287, 1076566356, 6561561, 'ADCarry', 'Wheeler2', 'Jarvan IV'),
(4212428, 2147483647, 5812006, 'Soporte', 'Carmelina382', 'Orianna'),
(4212429, 1866980162, 9477033, 'Jungla', 'Acevedo1972', 'Caitlyn'),
(5212429, 861817989, 8477035, 'ADCarry', 'Abney2020', 'Leona'),
(6312988, 2081728525, 5812007, 'Midlaner', 'Catherina533', 'Aphelios'),
(6312989, 359401375, 1082183, 'Midlaner', 'Lanier4', 'Thresh'),
(7312989, 861817990, 8477036, 'ADCarry', 'Mead1954', 'Kai''sa'),
(7312990, 1866980163, 7561561, 'Jungla', 'Hawkins231', 'Thresh'),
(8053979, 1601451112, 6561560, 'ADCarry', 'Jarod2021', 'Shen'),
(8053980, 2081728523, 82181, 'Toplaner', 'Bert631', 'Taric'),
(8053981, 452217564, 2620335, 'Soporte', 'Riva1959', 'Lee Sin'),
(9053977, 1076566354, 7561560, 'ADCarry', 'Rawlings1966', 'Nautilus'),
(9053978, 452217565, 82184, 'ADCarry', 'Wynona1996', 'Twisted Fate'),
(9053979, 15, 6561560, 'Soporte', 'SrNaharro', 'Nautilus');

-- 
-- Dumping data for table torneos
--
INSERT INTO torneos VALUES
(0, 'CO Tournament', 'T4'),
(1, 'SD Tournament', 'T16'),
(214748366, 'MS Tournament', 'T8'),
(214748367, 'SD Tournament', 'T4'),
(583679426, 'NM Tournament', 'T8'),
(583679427, 'MS Tournament', 'T16'),
(583679428, 'SD Tournament', 'T16'),
(583679429, 'AK Tournament', 'Liga'),
(798427792, 'MN Tournament', 'Liga'),
(798427793, 'MI Tournament', 'T16'),
(798427794, 'MA Tournament', 'T4'),
(928685357, 'NM Tournament', 'T8'),
(1454143267, 'AZ Tournament', 'T4'),
(1454143268, 'SD Tournament', 'Liga'),
(1668891632, 'ID Tournament', 'T16'),
(1668891633, 'RI Tournament', 'T8'),
(1668891634, 'IN Tournament', 'T8'),
(1746439700, 'MT Tournament', 'Liga'),
(1961188062, 'CA Tournament', 'Liga'),
(2147483647, 'SD Tournament', 'T4');

-- 
-- Dumping data for table partidos
--
INSERT INTO partidos VALUES
(262544, '2020-02-24', 'Azul', '2-0'),
(262545, '2020-01-08', 'Rojo', '2-0'),
(262546, '2020-06-08', 'Azul', '0-2'),
(262547, '2020-08-04', 'Azul', '1-2'),
(1262545, '2021-01-16', 'Rojo', '1-2'),
(1262546, '2020-08-27', 'Azul', '2-0'),
(1262547, '2020-04-13', 'Rojo', '2-1'),
(1262548, '2020-05-19', 'Rojo', '0-2'),
(2852335, '2020-12-01', 'Rojo', '0-2'),
(3852335, '2020-10-04', 'Azul', '2-1'),
(3852336, '2020-01-31', 'Azul', '1-2'),
(4955038, '2020-11-14', 'Azul', '2-1'),
(4955039, '2020-09-11', 'Azul', '2-0'),
(5955039, '2020-03-22', 'Rojo', '1-2'),
(5955040, '2020-08-22', 'Rojo', '0-2'),
(6527222, '2020-11-16', 'Azul', '1-2'),
(7527222, '2020-10-10', 'Rojo', '2-1'),
(8582826, '2021-03-08', 'Azul', '2-0'),
(9582823, '2020-12-27', 'Rojo', '0-2'),
(9582824, '2021-04-14', 'Rojo', '2-1');

-- 
-- Dumping data for table arbitros
--
INSERT INTO arbitros VALUES
('02136249R', 'Godefroy', '2020-02-20'),
('05202120Q', 'Pattie', '2020-06-14'),
('06225544S', 'Chase', '2021-01-04'),
('11638869B', 'Manuel', '2020-07-03'),
('28645377P', 'Eloise', '2020-01-03'),
('38439652W', 'Martín', '2021-03-09'),
('43551222B', 'Gabriela', '2021-01-25'),
('43666866M', 'Teresita', '2020-06-07'),
('46938556G', 'Rodolfo', '2020-08-30'),
('47975538C', 'Custodia', '2021-02-27'),
('49464384I', 'Francisco Javier', '2021-01-22'),
('50492360N', 'Amanda', '2020-04-14'),
('60674588T', 'Washington', '2021-03-27'),
('68562339T', 'Marianela', '2021-02-04'),
('69366822M', 'Lara', '2020-11-04'),
('73419269B', 'Merlyn', '2020-06-01'),
('86972922I', 'Kailee', '2021-05-07'),
('89369627O', 'Rosália', '2020-11-13'),
('91516803F', 'Íngrid', '2020-07-27'),
('95834258S', 'Renzo', '2021-03-05');

-- 
-- Dumping data for table utilizan
--
INSERT INTO utilizan VALUES
(1338975, 180569, 'Leona'),
(5873361, 180570, 'Sion'),
(2534881, 180571, 'Kai''sa'),
(1338974, 1180569, 'Kassadin'),
(3534881, 1180570, 'Taric'),
(1338973, 1180571, 'Zyra'),
(4873361, 2621287, 'Pyke'),
(2534880, 3621287, 'Gankplank'),
(7892469, 4212428, 'Diana'),
(6892469, 4212429, 'Orianna'),
(9986360, 5212429, 'Nautilus'),
(8986363, 6312988, 'Renekton'),
(5873362, 6312989, 'Lee Sin'),
(6892468, 7312989, 'Nidalee'),
(338976, 7312990, 'Caitlyn'),
(338974, 8053979, 'Shen'),
(4873362, 8053980, 'Jarvan IV'),
(338975, 8053981, 'Twisted Fate'),
(338973, 9053977, 'Thresh'),
(1338976, 9053978, 'Aphelios');

-- 
-- Dumping data for table nacionalidad
--
INSERT INTO nacionalidad VALUES
(4177102, 1180569, 'Andorra'),
(9181617, 1180569, 'Argentina'),
(3446569, 1180569, 'España'),
(7797245, 1180569, 'Portugal'),
(300604, 4212428, 'Argentina'),
(2446569, 4212428, 'España'),
(7797246, 5212429, 'Chile'),
(1300602, 5212429, 'Francia'),
(5177102, 6312988, 'España'),
(1300603, 6312989, 'Andorra'),
(1300605, 6312989, 'Argentina'),
(6797246, 6312989, 'Chile'),
(300602, 6312989, 'Portugal'),
(300603, 7312989, 'Argentina'),
(8181619, 7312989, 'España'),
(9181616, 7312989, 'Portugal'),
(300605, 8053979, 'Andorra'),
(1300606, 8053979, 'Chile'),
(1300604, 8053979, 'Francia'),
(6797245, 9053977, 'Francia');

-- 
-- Dumping data for table juegan
--
INSERT INTO juegan VALUES
(3774740, 7561560, 262544, 0),
(6679403, 6561560, 262545, 583679427),
(6679406, 3620335, 262546, 1961188062),
(6679405, 7561561, 262547, 1454143268),
(2774740, 82181, 1262545, 583679426),
(7679405, 2620334, 1262546, 1668891633),
(2774739, 82183, 1262547, 798427794),
(3774741, 1082184, 1262548, 1),
(5445517, 82182, 2852335, 1454143267),
(6679404, 1082182, 3852335, 1668891632),
(6679402, 8477036, 3852336, 928685357),
(1703544, 9477033, 4955038, 798427792),
(7679406, 2620335, 4955039, 214748366),
(3774739, 5812006, 5955039, 798427793),
(2774741, 4812006, 5955040, 583679428),
(1703543, 82184, 6527222, 583679429),
(7679403, 1082183, 7527222, 2147483647),
(703543, 6561561, 8582826, 1668891634),
(7679404, 8477035, 9582823, 1746439700),
(2774738, 5812007, 9582824, 214748367);

-- 
-- Dumping data for table arbitran
--
INSERT INTO arbitran VALUES
(3763074, 5955040, '02136249R'),
(545140, 6527222, '05202120Q'),
(2763071, 3852335, '06225544S'),
(545139, 262544, '11638869B'),
(3763072, 1262546, '28645377P'),
(5242857, 262545, '38439652W'),
(4242856, 3852336, '43551222B'),
(2763073, 262546, '43666866M'),
(5242858, 4955039, '46938556G'),
(3763073, 4955038, '47975538C'),
(2763072, 8582826, '49464384I'),
(9757883, 7527222, '50492360N'),
(4242857, 2852335, '60674588T'),
(5242856, 5955039, '68562339T'),
(7099923, 262547, '69366822M'),
(1545139, 1262547, '73419269B'),
(6099922, 9582823, '86972922I'),
(3763071, 9582824, '89369627O'),
(1545140, 1262545, '91516803F'),
(6099923, 1262548, '95834258S');

-- 
-- Restore previous SQL mode
-- 
/*!40101 SET SQL_MODE=@OLD_SQL_MODE */;

-- 
-- Enable foreign keys
-- 
/*!40014 SET FOREIGN_KEY_CHECKS = @OLD_FOREIGN_KEY_CHECKS */;